{
  "id": "2285260",
  "name": "Project RiSE",
  "font_family": "iconfont",
  "css_prefix_text": "icon",
  "description": "",
  "glyphs": [
    {
      "icon_id": "25584083",
      "name": "GP图标(黑)",
      "font_class": "a-GPtubiaohei",
      "unicode": "e767",
      "unicode_decimal": 59239
    },
    {
      "icon_id": "25583937",
      "name": "GP图标(蓝)",
      "font_class": "a-GPtubiaolan",
      "unicode": "e766",
      "unicode_decimal": 59238
    },
    {
      "icon_id": "25536675",
      "name": "新解释",
      "font_class": "xinjieshi",
      "unicode": "e765",
      "unicode_decimal": 59237
    },
    {
      "icon_id": "25454982",
      "name": "icon-沙漏",
      "font_class": "icon-shalou",
      "unicode": "e75b",
      "unicode_decimal": 59227
    },
    {
      "icon_id": "25454983",
      "name": "icon-层级",
      "font_class": "icon-cengji",
      "unicode": "e75c",
      "unicode_decimal": 59228
    },
    {
      "icon_id": "25454984",
      "name": "icon-报废处置",
      "font_class": "icon-baofeichuzhi",
      "unicode": "e75d",
      "unicode_decimal": 59229
    },
    {
      "icon_id": "25454985",
      "name": "icon-上架",
      "font_class": "icon-shangjia",
      "unicode": "e75e",
      "unicode_decimal": 59230
    },
    {
      "icon_id": "25454986",
      "name": "icon-代报价",
      "font_class": "icon-daibaojia",
      "unicode": "e75f",
      "unicode_decimal": 59231
    },
    {
      "icon_id": "25454987",
      "name": "icon-分段定点",
      "font_class": "icon-fenduandingdian",
      "unicode": "e760",
      "unicode_decimal": 59232
    },
    {
      "icon_id": "25454988",
      "name": "icon-下架",
      "font_class": "icon-xiajia",
      "unicode": "e761",
      "unicode_decimal": 59233
    },
    {
      "icon_id": "25454989",
      "name": "icon-LIVE",
      "font_class": "icon-LIVE",
      "unicode": "e762",
      "unicode_decimal": 59234
    },
    {
      "icon_id": "25454990",
      "name": "icon-CParts",
      "font_class": "icon-CParts",
      "unicode": "e763",
      "unicode_decimal": 59235
    },
    {
      "icon_id": "25454991",
      "name": "icon-填写状态",
      "font_class": "icon-tianxiezhuangtai",
      "unicode": "e764",
      "unicode_decimal": 59236
    },
    {
      "icon_id": "25443422",
      "name": "生产供应商",
      "font_class": "shengchangongyingshang",
      "unicode": "e75a",
      "unicode_decimal": 59226
    },
    {
      "icon_id": "25441619",
      "name": "top",
      "font_class": "top",
      "unicode": "e759",
      "unicode_decimal": 59225
    },
    {
      "icon_id": "25360727",
      "name": "MTZ",
      "font_class": "MTZ",
      "unicode": "e758",
      "unicode_decimal": 59224
    },
    {
      "icon_id": "25202117",
      "name": "近期会议-地址-灰",
      "font_class": "jinqihuiyi-dizhi-hui",
      "unicode": "e754",
      "unicode_decimal": 59220
    },
    {
      "icon_id": "25202118",
      "name": "近期会议-时间-灰",
      "font_class": "jinqihuiyi-shijian-hui",
      "unicode": "e755",
      "unicode_decimal": 59221
    },
    {
      "icon_id": "25202119",
      "name": "近期会议-时间-白",
      "font_class": "jinqihuiyi-shijian-bai",
      "unicode": "e756",
      "unicode_decimal": 59222
    },
    {
      "icon_id": "25202120",
      "name": "近期会议-地址-白",
      "font_class": "jinqihuiyi-dizhi-bai",
      "unicode": "e757",
      "unicode_decimal": 59223
    },
    {
      "icon_id": "25202115",
      "name": "开关-开",
      "font_class": "kaiguan-kai",
      "unicode": "e752",
      "unicode_decimal": 59218
    },
    {
      "icon_id": "25202116",
      "name": "开关-关",
      "font_class": "kaiguan-guan",
      "unicode": "e753",
      "unicode_decimal": 59219
    },
    {
      "icon_id": "25176853",
      "name": "同屏-时间段",
      "font_class": "tongping-shijianduan",
      "unicode": "e74d",
      "unicode_decimal": 59213
    },
    {
      "icon_id": "25176854",
      "name": "选择文件",
      "font_class": "xuanzewenjian",
      "unicode": "e74e",
      "unicode_decimal": 59214
    },
    {
      "icon_id": "25176855",
      "name": "同屏-地点",
      "font_class": "tongping-didian",
      "unicode": "e74f",
      "unicode_decimal": 59215
    },
    {
      "icon_id": "25176856",
      "name": "我的议题2",
      "font_class": "wodeyiti2",
      "unicode": "e750",
      "unicode_decimal": 59216
    },
    {
      "icon_id": "25176857",
      "name": "我的议题1",
      "font_class": "wodeyiti1",
      "unicode": "e751",
      "unicode_decimal": 59217
    },
    {
      "icon_id": "25078749",
      "name": "收藏夹",
      "font_class": "shoucangjia",
      "unicode": "e73d",
      "unicode_decimal": 59197
    },
    {
      "icon_id": "25078753",
      "name": "已收藏零件",
      "font_class": "yishoucanglingjian",
      "unicode": "e73e",
      "unicode_decimal": 59198
    },
    {
      "icon_id": "25078754",
      "name": "未收藏零件",
      "font_class": "weishoucanglingjian",
      "unicode": "e73f",
      "unicode_decimal": 59199
    },
    {
      "icon_id": "25078757",
      "name": "相关零件关闭",
      "font_class": "xiangguanlingjianguanbi",
      "unicode": "e740",
      "unicode_decimal": 59200
    },
    {
      "icon_id": "25078758",
      "name": "相关零件已收起",
      "font_class": "xiangguanlingjianyishouqi",
      "unicode": "e741",
      "unicode_decimal": 59201
    },
    {
      "icon_id": "25078759",
      "name": "相关零件已展开",
      "font_class": "xiangguanlingjianyizhankai",
      "unicode": "e742",
      "unicode_decimal": 59202
    },
    {
      "icon_id": "25078760",
      "name": "相关零件-更多",
      "font_class": "xiangguanlingjian-gengduo",
      "unicode": "e743",
      "unicode_decimal": 59203
    },
    {
      "icon_id": "25078762",
      "name": "零件已选中",
      "font_class": "lingjianyixuanzhong",
      "unicode": "e744",
      "unicode_decimal": 59204
    },
    {
      "icon_id": "25078824",
      "name": "零件未选中",
      "font_class": "lingjianweixuanzhong",
      "unicode": "e745",
      "unicode_decimal": 59205
    },
    {
      "icon_id": "25078834",
      "name": "新建标签",
      "font_class": "xinjianbiaoqian",
      "unicode": "e746",
      "unicode_decimal": 59206
    },
    {
      "icon_id": "25078835",
      "name": "标签组展开",
      "font_class": "biaoqianzuzhankai",
      "unicode": "e747",
      "unicode_decimal": 59207
    },
    {
      "icon_id": "25078836",
      "name": "收藏夹关闭",
      "font_class": "shoucangjiaguanbi",
      "unicode": "e748",
      "unicode_decimal": 59208
    },
    {
      "icon_id": "25078837",
      "name": "标签组收起",
      "font_class": "biaoqianzushouqi",
      "unicode": "e749",
      "unicode_decimal": 59209
    },
    {
      "icon_id": "25078838",
      "name": "删除零件:标签组",
      "font_class": "a-shanchulingjianbiaoqianzu",
      "unicode": "e74a",
      "unicode_decimal": 59210
    },
    {
      "icon_id": "25078839",
      "name": "标签组icon",
      "font_class": "biaoqianzuicon",
      "unicode": "e74b",
      "unicode_decimal": 59211
    },
    {
      "icon_id": "25078840",
      "name": "我的收藏icon",
      "font_class": "wodeshoucangicon",
      "unicode": "e74c",
      "unicode_decimal": 59212
    },
    {
      "icon_id": "24942647",
      "name": "删除供应商（灰）",
      "font_class": "a-shanchugongyingshanghui",
      "unicode": "e73c",
      "unicode_decimal": 59196
    },
    {
      "icon_id": "24942610",
      "name": "添加上游供应商（灰）",
      "font_class": "a-tianjiashangyougongyingshanghui",
      "unicode": "e73b",
      "unicode_decimal": 59195
    },
    {
      "icon_id": "24942539",
      "name": "删除供应商",
      "font_class": "shanchugongyingshang",
      "unicode": "e739",
      "unicode_decimal": 59193
    },
    {
      "icon_id": "24942545",
      "name": "添加上游供应商",
      "font_class": "tianjiashangyougongyingshang",
      "unicode": "e73a",
      "unicode_decimal": 59194
    },
    {
      "icon_id": "24942441",
      "name": "编辑（蓝）",
      "font_class": "a-bianjilan",
      "unicode": "e734",
      "unicode_decimal": 59188
    },
    {
      "icon_id": "24942442",
      "name": "展开（蓝）",
      "font_class": "a-zhankailan",
      "unicode": "e735",
      "unicode_decimal": 59189
    },
    {
      "icon_id": "24942443",
      "name": "展开（灰）",
      "font_class": "a-zhankaihui",
      "unicode": "e736",
      "unicode_decimal": 59190
    },
    {
      "icon_id": "24942445",
      "name": "收起（蓝）",
      "font_class": "a-shouqilan",
      "unicode": "e737",
      "unicode_decimal": 59191
    },
    {
      "icon_id": "24942447",
      "name": "收起（灰）",
      "font_class": "a-shouqihui",
      "unicode": "e738",
      "unicode_decimal": 59192
    },
    {
      "icon_id": "24941517",
      "name": "未开标",
      "font_class": "weikaibiao",
      "unicode": "e733",
      "unicode_decimal": 59187
    },
    {
      "icon_id": "24907954",
      "name": "创建会议系统",
      "font_class": "chuangjianhuiyixitong1",
      "unicode": "e730",
      "unicode_decimal": 59184
    },
    {
      "icon_id": "24908111",
      "name": "上架",
      "font_class": "shangjia",
      "unicode": "e72b",
      "unicode_decimal": 59179
    },
    {
      "icon_id": "24908113",
      "name": "下架",
      "font_class": "xiajia",
      "unicode": "e72c",
      "unicode_decimal": 59180
    },
    {
      "icon_id": "24908114",
      "name": "通用会议撰写",
      "font_class": "tongyonghuiyizhuanxie",
      "unicode": "e72d",
      "unicode_decimal": 59181
    },
    {
      "icon_id": "24908115",
      "name": "我的议题supporter",
      "font_class": "wodeyitisupporter",
      "unicode": "e72e",
      "unicode_decimal": 59182
    },
    {
      "icon_id": "24908116",
      "name": "会议直播翻页",
      "font_class": "huiyizhibofanye",
      "unicode": "e72f",
      "unicode_decimal": 59183
    },
    {
      "icon_id": "24908037",
      "name": "上传Agenda",
      "font_class": "shangchuanAgenda",
      "unicode": "e72a",
      "unicode_decimal": 59178
    },
    {
      "icon_id": "24908003",
      "name": "创建会议系统",
      "font_class": "chuangjianhuiyixitong",
      "unicode": "e729",
      "unicode_decimal": 59177
    },
    {
      "icon_id": "24907823",
      "name": "收藏1",
      "font_class": "shoucang1",
      "unicode": "e607",
      "unicode_decimal": 58887
    },
    {
      "icon_id": "14843457",
      "name": "员工",
      "font_class": "yuangong",
      "unicode": "e728",
      "unicode_decimal": 59176
    },
    {
      "icon_id": "24919709",
      "name": "业绩跟踪表新增零件",
      "font_class": "yejigenzongbiaoxinzenglingjian",
      "unicode": "e731",
      "unicode_decimal": 59185
    },
    {
      "icon_id": "24919710",
      "name": "业绩跟踪表取消零件",
      "font_class": "yejigenzongbiaoquxiaolingjian",
      "unicode": "e732",
      "unicode_decimal": 59186
    },
    {
      "icon_id": "24482193",
      "name": "资产基础信息帮助",
      "font_class": "zichanjichuxinxibangzhu",
      "unicode": "e723",
      "unicode_decimal": 59171
    },
    {
      "icon_id": "24482194",
      "name": "列表照片查看",
      "font_class": "liebiaozhaopianchakan",
      "unicode": "e724",
      "unicode_decimal": 59172
    },
    {
      "icon_id": "24482195",
      "name": "资产模具照片",
      "font_class": "zichanmojuzhaopian",
      "unicode": "e725",
      "unicode_decimal": 59173
    },
    {
      "icon_id": "24482196",
      "name": "列表变更记录查看",
      "font_class": "liebiaobiangengjiluchakan",
      "unicode": "e726",
      "unicode_decimal": 59174
    },
    {
      "icon_id": "24482197",
      "name": "资产附件上传",
      "font_class": "zichanfujianshangchuan",
      "unicode": "e727",
      "unicode_decimal": 59175
    },
    {
      "icon_id": "24481966",
      "name": "零件基础信息标签7",
      "font_class": "lingjianjichuxinxibiaoqian7",
      "unicode": "e66d",
      "unicode_decimal": 58989
    },
    {
      "icon_id": "24481967",
      "name": "零件演变进程分支节点多对多",
      "font_class": "lingjianyanbianjinchengfenzhijiedianduoduiduo",
      "unicode": "e66f",
      "unicode_decimal": 58991
    },
    {
      "icon_id": "24481968",
      "name": "零件基础信息标签6",
      "font_class": "lingjianjichuxinxibiaoqian6",
      "unicode": "e670",
      "unicode_decimal": 58992
    },
    {
      "icon_id": "24481969",
      "name": "零件基础信息标签5",
      "font_class": "lingjianjichuxinxibiaoqian5",
      "unicode": "e671",
      "unicode_decimal": 58993
    },
    {
      "icon_id": "24481970",
      "name": "零件基础信息标签3",
      "font_class": "lingjianjichuxinxibiaoqian3",
      "unicode": "e6b0",
      "unicode_decimal": 59056
    },
    {
      "icon_id": "24481971",
      "name": "零件基础信息标签4",
      "font_class": "lingjianjichuxinxibiaoqian4",
      "unicode": "e6ce",
      "unicode_decimal": 59086
    },
    {
      "icon_id": "24481972",
      "name": "零件基础信息标签1",
      "font_class": "lingjianjichuxinxibiaoqian1",
      "unicode": "e6cf",
      "unicode_decimal": 59087
    },
    {
      "icon_id": "24481973",
      "name": "零件基础信息标签2",
      "font_class": "lingjianjichuxinxibiaoqian2",
      "unicode": "e6d0",
      "unicode_decimal": 59088
    },
    {
      "icon_id": "24481974",
      "name": "零件履历标签",
      "font_class": "lingjianlvlibiaoqian",
      "unicode": "e6e4",
      "unicode_decimal": 59108
    },
    {
      "icon_id": "24481975",
      "name": "零件履历Aeko已实施标记",
      "font_class": "lingjianlvliAekoyishishibiaoji",
      "unicode": "e6fc",
      "unicode_decimal": 59132
    },
    {
      "icon_id": "24481976",
      "name": "零件演变进程分支节点",
      "font_class": "lingjianyanbianjinchengfenzhijiedian",
      "unicode": "e712",
      "unicode_decimal": 59154
    },
    {
      "icon_id": "24481977",
      "name": "零件履历分支节点",
      "font_class": "lingjianlvlifenzhijiedian",
      "unicode": "e71c",
      "unicode_decimal": 59164
    },
    {
      "icon_id": "24481979",
      "name": "零件已标记",
      "font_class": "lingjianyibiaoji",
      "unicode": "e71d",
      "unicode_decimal": 59165
    },
    {
      "icon_id": "24481981",
      "name": "零件未标记",
      "font_class": "lingjianweibiaoji",
      "unicode": "e71e",
      "unicode_decimal": 59166
    },
    {
      "icon_id": "24481982",
      "name": "零件已收藏",
      "font_class": "lingjianyishoucang",
      "unicode": "e71f",
      "unicode_decimal": 59167
    },
    {
      "icon_id": "24481983",
      "name": "零件未收藏",
      "font_class": "lingjianweishoucang",
      "unicode": "e720",
      "unicode_decimal": 59168
    },
    {
      "icon_id": "24481999",
      "name": "零件演变进程:零件履历主节点",
      "font_class": "a-lingjianyanbianjinchenglingjianlvlizhujiedian",
      "unicode": "e721",
      "unicode_decimal": 59169
    },
    {
      "icon_id": "24482002",
      "name": "零件演变进程:零件履历次节点",
      "font_class": "a-lingjianyanbianjinchenglingjianlvlicijiedian",
      "unicode": "e722",
      "unicode_decimal": 59170
    },
    {
      "icon_id": "24474488",
      "name": "状态_黄",
      "font_class": "zhuangtai_huang",
      "unicode": "e63e",
      "unicode_decimal": 58942
    },
    {
      "icon_id": "24474489",
      "name": "状态_绿",
      "font_class": "zhuangtai_lv",
      "unicode": "e65d",
      "unicode_decimal": 58973
    },
    {
      "icon_id": "24432789",
      "name": "当前使用版本",
      "font_class": "dangqianshiyongbanben",
      "unicode": "e650",
      "unicode_decimal": 58960
    },
    {
      "icon_id": "24425195",
      "name": "状态_红",
      "font_class": "zhuangtai_hong",
      "unicode": "e63c",
      "unicode_decimal": 58940
    },
    {
      "icon_id": "24370660",
      "name": "进度_进行中_红",
      "font_class": "jindu_jinhangzhong_hong",
      "unicode": "e715",
      "unicode_decimal": 59157
    },
    {
      "icon_id": "24370666",
      "name": "进度_进行中_黄",
      "font_class": "jindu_jinhangzhong_huang",
      "unicode": "e71b",
      "unicode_decimal": 59163
    },
    {
      "icon_id": "24370658",
      "name": "进度_待进行",
      "font_class": "jindu_daijinhang",
      "unicode": "e713",
      "unicode_decimal": 59155
    },
    {
      "icon_id": "24370659",
      "name": "进度_进行中_黑",
      "font_class": "jindu_jinhangzhong_hei",
      "unicode": "e714",
      "unicode_decimal": 59156
    },
    {
      "icon_id": "24370661",
      "name": "进度_已完成_黄",
      "font_class": "jindu_yiwancheng_huang",
      "unicode": "e716",
      "unicode_decimal": 59158
    },
    {
      "icon_id": "24370662",
      "name": "进度_已完成_绿",
      "font_class": "jindu_yiwancheng_lv",
      "unicode": "e717",
      "unicode_decimal": 59159
    },
    {
      "icon_id": "24370663",
      "name": "进度_已完成_红",
      "font_class": "jindu_yiwancheng_hong",
      "unicode": "e718",
      "unicode_decimal": 59160
    },
    {
      "icon_id": "24370664",
      "name": "进度_已完成_黑",
      "font_class": "jindu_yiwancheng_hei",
      "unicode": "e719",
      "unicode_decimal": 59161
    },
    {
      "icon_id": "24370665",
      "name": "进度_进行中_绿",
      "font_class": "jindu_jinhangzhong_lv",
      "unicode": "e71a",
      "unicode_decimal": 59162
    },
    {
      "icon_id": "24229364",
      "name": "N-tier蓝点",
      "font_class": "N-tierlandian",
      "unicode": "e705",
      "unicode_decimal": 59141
    },
    {
      "icon_id": "24229365",
      "name": "N-tier橙点",
      "font_class": "N-tierchengdian",
      "unicode": "e706",
      "unicode_decimal": 59142
    },
    {
      "icon_id": "24229366",
      "name": "N-tier绿点",
      "font_class": "N-tierlvdian",
      "unicode": "e711",
      "unicode_decimal": 59153
    },
    {
      "icon_id": "24219388",
      "name": "灰标",
      "font_class": "huibiao",
      "unicode": "e6ff",
      "unicode_decimal": 59135
    },
    {
      "icon_id": "24219389",
      "name": "黄标",
      "font_class": "huangbiao",
      "unicode": "e700",
      "unicode_decimal": 59136
    },
    {
      "icon_id": "24219390",
      "name": "红标",
      "font_class": "hongbiao",
      "unicode": "e701",
      "unicode_decimal": 59137
    },
    {
      "icon_id": "24219391",
      "name": "绿标",
      "font_class": "lvbiao",
      "unicode": "e702",
      "unicode_decimal": 59138
    },
    {
      "icon_id": "24031751",
      "name": "更多",
      "font_class": "gengduo",
      "unicode": "e70c",
      "unicode_decimal": 59148
    },
    {
      "icon_id": "24089873",
      "name": "附件上传-灰",
      "font_class": "fujianshangchuan-hui",
      "unicode": "e70f",
      "unicode_decimal": 59151
    },
    {
      "icon_id": "24006697",
      "name": "索赔确认单号",
      "font_class": "suopeiquerendanhao",
      "unicode": "e70e",
      "unicode_decimal": 59150
    },
    {
      "icon_id": "24006698",
      "name": "上传文件",
      "font_class": "shangchuanwenjian",
      "unicode": "e70d",
      "unicode_decimal": 59149
    },
    {
      "icon_id": "23983962",
      "name": "Overdue ",
      "font_class": "Overdue",
      "unicode": "e70a",
      "unicode_decimal": 59146
    },
    {
      "icon_id": "23983879",
      "name": "In Progress",
      "font_class": "a-InProgress",
      "unicode": "e708",
      "unicode_decimal": 59144
    },
    {
      "icon_id": "23983596",
      "name": "My Application",
      "font_class": "a-MyApplication",
      "unicode": "e709",
      "unicode_decimal": 59145
    },
    {
      "icon_id": "23983598",
      "name": "My  Approval",
      "font_class": "a-MyApproval",
      "unicode": "e70b",
      "unicode_decimal": 59147
    },
    {
      "icon_id": "23969660",
      "name": "新零件CBD",
      "font_class": "xinlingjianCBD",
      "unicode": "e707",
      "unicode_decimal": 59143
    },
    {
      "icon_id": "23891974",
      "name": "会议-3",
      "font_class": "huiyi-3",
      "unicode": "e703",
      "unicode_decimal": 59139
    },
    {
      "icon_id": "23891975",
      "name": "会议-2",
      "font_class": "huiyi-2",
      "unicode": "e704",
      "unicode_decimal": 59140
    },
    {
      "icon_id": "23890298",
      "name": "会议-首页",
      "font_class": "huiyi-shouye",
      "unicode": "e6fe",
      "unicode_decimal": 59134
    },
    {
      "icon_id": "23881726",
      "name": "排程助手_历史值",
      "font_class": "paichengzhushou_lishizhi",
      "unicode": "e6f3",
      "unicode_decimal": 59123
    },
    {
      "icon_id": "23764452",
      "name": "报警信",
      "font_class": "baojingxin",
      "unicode": "e6ee",
      "unicode_decimal": 59118
    },
    {
      "icon_id": "23764433",
      "name": "N-tire选中",
      "font_class": "N-tirexuanzhong",
      "unicode": "e6e5",
      "unicode_decimal": 59109
    },
    {
      "icon_id": "23764434",
      "name": "N-tire未选中",
      "font_class": "N-tireweixuanzhong",
      "unicode": "e6e6",
      "unicode_decimal": 59110
    },
    {
      "icon_id": "23730146",
      "name": "业绩基础表待确认数量",
      "font_class": "yejijichubiaodaiquerenshuliang1",
      "unicode": "e6fd",
      "unicode_decimal": 59133
    },
    {
      "icon_id": "23729561",
      "name": "业绩基础表状态",
      "font_class": "yejijichubiaozhuangtai",
      "unicode": "e6f1",
      "unicode_decimal": 59121
    },
    {
      "icon_id": "23729562",
      "name": "业绩基础表发起时间",
      "font_class": "yejijichubiaofaqishijian",
      "unicode": "e6f2",
      "unicode_decimal": 59122
    },
    {
      "icon_id": "23729564",
      "name": "业绩基础表完成时间",
      "font_class": "yejijichubiaowanchengshijian",
      "unicode": "e6f4",
      "unicode_decimal": 59124
    },
    {
      "icon_id": "23707502",
      "name": "协议:合同提交（未进行）",
      "font_class": "a-xieyihetongtijiaoweijinhang",
      "unicode": "e6f5",
      "unicode_decimal": 59125
    },
    {
      "icon_id": "23707503",
      "name": "协议:合同提交（进行中）",
      "font_class": "a-xieyihetongtijiaojinhangzhong",
      "unicode": "e6f6",
      "unicode_decimal": 59126
    },
    {
      "icon_id": "23707504",
      "name": "合同编辑:凭证选择（进行中）",
      "font_class": "a-hetongbianjipingzhengxuanzejinhangzhong",
      "unicode": "e6f7",
      "unicode_decimal": 59127
    },
    {
      "icon_id": "23707505",
      "name": "协议:合同归档（未进行）",
      "font_class": "a-xieyihetongguidangweijinhang",
      "unicode": "e6f8",
      "unicode_decimal": 59128
    },
    {
      "icon_id": "23707506",
      "name": "合同编辑:凭证选择（未进行）",
      "font_class": "a-hetongbianjipingzhengxuanzeweijinhang",
      "unicode": "e6f9",
      "unicode_decimal": 59129
    },
    {
      "icon_id": "23707507",
      "name": "协议:合同归档（进行中）",
      "font_class": "a-xieyihetongguidangjinhangzhong",
      "unicode": "e6fa",
      "unicode_decimal": 59130
    },
    {
      "icon_id": "23707508",
      "name": "零件选择（进行中）",
      "font_class": "a-lingjianxuanzejinhangzhong",
      "unicode": "e6fb",
      "unicode_decimal": 59131
    },
    {
      "icon_id": "23691366",
      "name": "DB零件标签",
      "font_class": "DBlingjianbiaoqian",
      "unicode": "e64e",
      "unicode_decimal": 58958
    },
    {
      "icon_id": "23469232",
      "name": "定点管理节点-已完成 - 副本",
      "font_class": "a-dingdianguanlijiedian-yiwancheng-fuben",
      "unicode": "e6ef",
      "unicode_decimal": 59119
    },
    {
      "icon_id": "23391700",
      "name": "树-父级",
      "font_class": "shu-fuji",
      "unicode": "e6ed",
      "unicode_decimal": 59117
    },
    {
      "icon_id": "23390824",
      "name": "材料组",
      "font_class": "cailiaozu",
      "unicode": "e6e8",
      "unicode_decimal": 59112
    },
    {
      "icon_id": "23390825",
      "name": "零件",
      "font_class": "lingjian",
      "unicode": "e6e9",
      "unicode_decimal": 59113
    },
    {
      "icon_id": "23390826",
      "name": "地区",
      "font_class": "diqu",
      "unicode": "e6ea",
      "unicode_decimal": 59114
    },
    {
      "icon_id": "23390827",
      "name": "供应商",
      "font_class": "gongyingshang",
      "unicode": "e6eb",
      "unicode_decimal": 59115
    },
    {
      "icon_id": "23390828",
      "name": "车型",
      "font_class": "chexing",
      "unicode": "e6ec",
      "unicode_decimal": 59116
    },
    {
      "icon_id": "23386441",
      "name": "上汽大众",
      "font_class": "shangqidazhong1",
      "unicode": "e6e7",
      "unicode_decimal": 59111
    },
    {
      "icon_id": "22596748",
      "name": "敬请期待",
      "font_class": "jingqingqidai",
      "unicode": "e6e3",
      "unicode_decimal": 59107
    },
    {
      "icon_id": "23322130",
      "name": "KPI树状图-增加",
      "font_class": "KPIshuzhuangtu-zengjia",
      "unicode": "e6e1",
      "unicode_decimal": 59105
    },
    {
      "icon_id": "23322131",
      "name": "KPI树状图-删除",
      "font_class": "KPIshuzhuangtu-shanchu",
      "unicode": "e6e2",
      "unicode_decimal": 59106
    },
    {
      "icon_id": "23315500",
      "name": "供应商主要客户",
      "font_class": "gongyingshangzhuyaokehu",
      "unicode": "e6de",
      "unicode_decimal": 59102
    },
    {
      "icon_id": "23315501",
      "name": "供应商财务状况",
      "font_class": "gongyingshangcaiwuzhuangkuang",
      "unicode": "e6df",
      "unicode_decimal": 59103
    },
    {
      "icon_id": "23315502",
      "name": "SVW营业额占比",
      "font_class": "SVWyingyeezhanbi",
      "unicode": "e6e0",
      "unicode_decimal": 59104
    },
    {
      "icon_id": "23315373",
      "name": "战略方向",
      "font_class": "zhanlvefangxiang",
      "unicode": "e6da",
      "unicode_decimal": 59098
    },
    {
      "icon_id": "23315374",
      "name": "业务影响度特征分布",
      "font_class": "yewuyingxiangdutezhengfenbu",
      "unicode": "e6db",
      "unicode_decimal": 59099
    },
    {
      "icon_id": "23315375",
      "name": "材料组占比情况",
      "font_class": "cailiaozuzhanbiqingkuang",
      "unicode": "e6dc",
      "unicode_decimal": 59100
    },
    {
      "icon_id": "23315376",
      "name": "供应复杂度特征分布",
      "font_class": "gongyingfuzadutezhengfenbu",
      "unicode": "e6dd",
      "unicode_decimal": 59101
    },
    {
      "icon_id": "23315071",
      "name": "材料组定位",
      "font_class": "cailiaozudingwei",
      "unicode": "e6d9",
      "unicode_decimal": 59097
    },
    {
      "icon_id": "23294177",
      "name": "饼状图色环",
      "font_class": "bingzhuangtusehuan",
      "unicode": "e6d8",
      "unicode_decimal": 59096
    },
    {
      "icon_id": "23225544",
      "name": "跳转监控",
      "font_class": "tiaozhuanjiankong",
      "unicode": "e6d5",
      "unicode_decimal": 59093
    },
    {
      "icon_id": "23225545",
      "name": "跳转排程",
      "font_class": "tiaozhuanpaicheng",
      "unicode": "e6d6",
      "unicode_decimal": 59094
    },
    {
      "icon_id": "23225546",
      "name": "编辑",
      "font_class": "bianji",
      "unicode": "e6d7",
      "unicode_decimal": 59095
    },
    {
      "icon_id": "23212091",
      "name": "增加材料成本_蓝",
      "font_class": "zengjiacailiaochengben_lan",
      "unicode": "e6b8",
      "unicode_decimal": 59064
    },
    {
      "icon_id": "23212092",
      "name": "增加材料成本_灰",
      "font_class": "zengjiacailiaochengben_hui",
      "unicode": "e6d4",
      "unicode_decimal": 59092
    },
    {
      "icon_id": "23203150",
      "name": "管理员设置",
      "font_class": "guanliyuanshezhi",
      "unicode": "e6d3",
      "unicode_decimal": 59091
    },
    {
      "icon_id": "23201406",
      "name": "历史参考值",
      "font_class": "lishicankaozhi",
      "unicode": "e6d2",
      "unicode_decimal": 59090
    },
    {
      "icon_id": "23191076",
      "name": "顺序标签",
      "font_class": "shunxubiaoqian",
      "unicode": "e6d1",
      "unicode_decimal": 59089
    },
    {
      "icon_id": "23154632",
      "name": "附件",
      "font_class": "fujian",
      "unicode": "e6cd",
      "unicode_decimal": 59085
    },
    {
      "icon_id": "23146048",
      "name": "AEKO_TOP",
      "font_class": "AEKO_TOP",
      "unicode": "e6cc",
      "unicode_decimal": 59084
    },
    {
      "icon_id": "23075261",
      "name": "照片查看左",
      "font_class": "zhaopianchakanzuo",
      "unicode": "e6a5",
      "unicode_decimal": 59045
    },
    {
      "icon_id": "23075262",
      "name": "照片查看右",
      "font_class": "zhaopianchakanyou",
      "unicode": "e6cb",
      "unicode_decimal": 59083
    },
    {
      "icon_id": "22893075",
      "name": "默认消息",
      "font_class": "morenxiaoxi",
      "unicode": "e6ca",
      "unicode_decimal": 59082
    },
    {
      "icon_id": "22873706",
      "name": "主联系人",
      "font_class": "zhulianxiren",
      "unicode": "e6b4",
      "unicode_decimal": 59060
    },
    {
      "icon_id": "22780221",
      "name": "默认头像",
      "font_class": "morentouxiang",
      "unicode": "e6c9",
      "unicode_decimal": 59081
    },
    {
      "icon_id": "22763910",
      "name": "零件删除",
      "font_class": "lingjianshanchu",
      "unicode": "e6c8",
      "unicode_decimal": 59080
    },
    {
      "icon_id": "22763900",
      "name": "零件天蓝",
      "font_class": "lingjiantianlan",
      "unicode": "e6c3",
      "unicode_decimal": 59075
    },
    {
      "icon_id": "22763901",
      "name": "零件紫",
      "font_class": "lingjianzi",
      "unicode": "e6c4",
      "unicode_decimal": 59076
    },
    {
      "icon_id": "22763902",
      "name": "零件橘",
      "font_class": "lingjianju",
      "unicode": "e6c5",
      "unicode_decimal": 59077
    },
    {
      "icon_id": "22763903",
      "name": "零件蓝",
      "font_class": "lingjianlan",
      "unicode": "e6c6",
      "unicode_decimal": 59078
    },
    {
      "icon_id": "22763904",
      "name": "零件绿",
      "font_class": "lingjianlv",
      "unicode": "e6c7",
      "unicode_decimal": 59079
    },
    {
      "icon_id": "22750362",
      "name": "Icon - Arrow收起",
      "font_class": "a-Icon-Arrowshouqi",
      "unicode": "e6c2",
      "unicode_decimal": 59074
    },
    {
      "icon_id": "22750105",
      "name": "Icon - Arrow Drop Down",
      "font_class": "a-Icon-ArrowDropDown",
      "unicode": "e6c1",
      "unicode_decimal": 59073
    },
    {
      "icon_id": "22700073",
      "name": "会议x",
      "font_class": "huiyix",
      "unicode": "e6c0",
      "unicode_decimal": 59072
    },
    {
      "icon_id": "22691672",
      "name": "消息-灰",
      "font_class": "xiaoxi-hui",
      "unicode": "e6bb",
      "unicode_decimal": 59067
    },
    {
      "icon_id": "22691673",
      "name": "通知-蓝",
      "font_class": "tongzhi-lan",
      "unicode": "e6bc",
      "unicode_decimal": 59068
    },
    {
      "icon_id": "22691674",
      "name": "议题",
      "font_class": "yiti",
      "unicode": "e6bd",
      "unicode_decimal": 59069
    },
    {
      "icon_id": "22691675",
      "name": "消息-蓝",
      "font_class": "xiaoxi-lan",
      "unicode": "e6be",
      "unicode_decimal": 59070
    },
    {
      "icon_id": "22691676",
      "name": "通知-灰",
      "font_class": "tongzhi-hui",
      "unicode": "e6bf",
      "unicode_decimal": 59071
    },
    {
      "icon_id": "22611425",
      "name": "上汽大众",
      "font_class": "shangqidazhong",
      "unicode": "e6ba",
      "unicode_decimal": 59066
    },
    {
      "icon_id": "22593115",
      "name": "下降-VP",
      "font_class": "xiajiang-VP",
      "unicode": "e6b9",
      "unicode_decimal": 59065
    },
    {
      "icon_id": "22552983",
      "name": "跳转选中状态",
      "font_class": "tiaozhuanxuanzhongzhuangtai",
      "unicode": "e6b3",
      "unicode_decimal": 59059
    },
    {
      "icon_id": "22552985",
      "name": "跳转按钮",
      "font_class": "tiaozhuananniu",
      "unicode": "e6b5",
      "unicode_decimal": 59061
    },
    {
      "icon_id": "22552986",
      "name": "状态提示-已完成",
      "font_class": "zhuangtaitishi-yiwancheng",
      "unicode": "e6b6",
      "unicode_decimal": 59062
    },
    {
      "icon_id": "22552987",
      "name": "状态提示-中间状态",
      "font_class": "zhuangtaitishi-zhongjianzhuangtai",
      "unicode": "e6b7",
      "unicode_decimal": 59063
    },
    {
      "icon_id": "22537846",
      "name": "下箭头",
      "font_class": "xiajiantou",
      "unicode": "e6b1",
      "unicode_decimal": 59057
    },
    {
      "icon_id": "22537847",
      "name": "上箭头",
      "font_class": "shangjiantou",
      "unicode": "e6b2",
      "unicode_decimal": 59058
    },
    {
      "icon_id": "22334275",
      "name": "批量供应商总览",
      "font_class": "pilianggongyingshangzonglan",
      "unicode": "e6af",
      "unicode_decimal": 59055
    },
    {
      "icon_id": "22292890",
      "name": "做框架原因",
      "font_class": "zuokuangjiayuanyin",
      "unicode": "e6ae",
      "unicode_decimal": 59054
    },
    {
      "icon_id": "22283927",
      "name": "上升-VP",
      "font_class": "shangsheng-VP",
      "unicode": "e6ad",
      "unicode_decimal": 59053
    },
    {
      "icon_id": "22281975",
      "name": "VP-计划总产量",
      "font_class": "VP-jihuazongchanliang",
      "unicode": "e6ac",
      "unicode_decimal": 59052
    },
    {
      "icon_id": "22281704",
      "name": "SOP付款比",
      "font_class": "SOPfukuanbi",
      "unicode": "e6ab",
      "unicode_decimal": 59051
    },
    {
      "icon_id": "22271323",
      "name": "模具看板刷新",
      "font_class": "mojukanbanshuaxin",
      "unicode": "e6aa",
      "unicode_decimal": 59050
    },
    {
      "icon_id": "22263340",
      "name": "自定义",
      "font_class": "zidingyi",
      "unicode": "e6a9",
      "unicode_decimal": 59049
    },
    {
      "icon_id": "22211971",
      "name": "best ball点",
      "font_class": "bestballdian",
      "unicode": "e6a8",
      "unicode_decimal": 59048
    },
    {
      "icon_id": "22204292",
      "name": "Best of Average",
      "font_class": "BestofAverage",
      "unicode": "e6a6",
      "unicode_decimal": 59046
    },
    {
      "icon_id": "22204293",
      "name": "best of second",
      "font_class": "bestofsecond",
      "unicode": "e6a7",
      "unicode_decimal": 59047
    },
    {
      "icon_id": "22202832",
      "name": "bob-删除",
      "font_class": "bob-shanchu",
      "unicode": "e6a3",
      "unicode_decimal": 59043
    },
    {
      "icon_id": "22202833",
      "name": "bob-置换",
      "font_class": "bob-zhihuan",
      "unicode": "e6a4",
      "unicode_decimal": 59044
    },
    {
      "icon_id": "22186417",
      "name": "bob",
      "font_class": "bob",
      "unicode": "e6a2",
      "unicode_decimal": 59042
    },
    {
      "icon_id": "22184407",
      "name": "文件数量背景",
      "font_class": "wenjianshuliangbeijing",
      "unicode": "e6a0",
      "unicode_decimal": 59040
    },
    {
      "icon_id": "22184408",
      "name": "购物车",
      "font_class": "gouwuche",
      "unicode": "e6a1",
      "unicode_decimal": 59041
    },
    {
      "icon_id": "22180390",
      "name": "初步评级",
      "font_class": "chubupingji",
      "unicode": "e69c",
      "unicode_decimal": 59036
    },
    {
      "icon_id": "22180253",
      "name": "风险信号",
      "font_class": "fengxianxinhao",
      "unicode": "e69d",
      "unicode_decimal": 59037
    },
    {
      "icon_id": "22180081",
      "name": "财报分析",
      "font_class": "caibaofenxi1",
      "unicode": "e69b",
      "unicode_decimal": 59035
    },
    {
      "icon_id": "22179446",
      "name": "专项分析工具-蓝点",
      "font_class": "zhuanxiangfenxigongju-landian",
      "unicode": "e69e",
      "unicode_decimal": 59038
    },
    {
      "icon_id": "22179447",
      "name": "深入评级",
      "font_class": "shenrupingji",
      "unicode": "e69f",
      "unicode_decimal": 59039
    },
    {
      "icon_id": "22152427",
      "name": "Aeko减值BM单（未选中）",
      "font_class": "AekojianzhiBMdanweixuanzhong",
      "unicode": "e697",
      "unicode_decimal": 59031
    },
    {
      "icon_id": "22152428",
      "name": "Aeko减值BM单（选中）",
      "font_class": "AekojianzhiBMdanxuanzhong",
      "unicode": "e698",
      "unicode_decimal": 59032
    },
    {
      "icon_id": "22152429",
      "name": "Aeko增值BM单（选中）",
      "font_class": "AekozengzhiBMdanxuanzhong",
      "unicode": "e699",
      "unicode_decimal": 59033
    },
    {
      "icon_id": "22152430",
      "name": "Aeko增值BM单（未选中）",
      "font_class": "AekozengzhiBMdanweixuanzhong",
      "unicode": "e69a",
      "unicode_decimal": 59034
    },
    {
      "icon_id": "22143616",
      "name": "下移一级",
      "font_class": "xiayiyiji",
      "unicode": "e692",
      "unicode_decimal": 59026
    },
    {
      "icon_id": "22143617",
      "name": "新增车型包",
      "font_class": "xinzengchexingbao",
      "unicode": "e693",
      "unicode_decimal": 59027
    },
    {
      "icon_id": "22143618",
      "name": "上移一级",
      "font_class": "shangyiyiji",
      "unicode": "e694",
      "unicode_decimal": 59028
    },
    {
      "icon_id": "22143619",
      "name": "车型包",
      "font_class": "chexingbao",
      "unicode": "e695",
      "unicode_decimal": 59029
    },
    {
      "icon_id": "22143620",
      "name": "编辑批准投资",
      "font_class": "bianjipizhuntouzi",
      "unicode": "e696",
      "unicode_decimal": 59030
    },
    {
      "icon_id": "21956963",
      "name": "可选标签",
      "font_class": "kexuanbiaoqian",
      "unicode": "e691",
      "unicode_decimal": 59025
    },
    {
      "icon_id": "21953555",
      "name": "零件4",
      "font_class": "lingjian4",
      "unicode": "e68c",
      "unicode_decimal": 59020
    },
    {
      "icon_id": "21953556",
      "name": "零件1",
      "font_class": "lingjian1",
      "unicode": "e68d",
      "unicode_decimal": 59021
    },
    {
      "icon_id": "21953557",
      "name": "零件2",
      "font_class": "lingjian2",
      "unicode": "e68e",
      "unicode_decimal": 59022
    },
    {
      "icon_id": "21953558",
      "name": "零件3",
      "font_class": "lingjian3",
      "unicode": "e68f",
      "unicode_decimal": 59023
    },
    {
      "icon_id": "21953559",
      "name": "零件5",
      "font_class": "lingjian5",
      "unicode": "e690",
      "unicode_decimal": 59024
    },
    {
      "icon_id": "21953110",
      "name": "微信",
      "font_class": "weixin",
      "unicode": "e685",
      "unicode_decimal": 59013
    },
    {
      "icon_id": "21953111",
      "name": "选中卡片",
      "font_class": "xuanzhongkapian",
      "unicode": "e686",
      "unicode_decimal": 59014
    },
    {
      "icon_id": "21953112",
      "name": "地址",
      "font_class": "dizhi",
      "unicode": "e687",
      "unicode_decimal": 59015
    },
    {
      "icon_id": "21953113",
      "name": "审批-附件",
      "font_class": "shenpi-fujian1",
      "unicode": "e688",
      "unicode_decimal": 59016
    },
    {
      "icon_id": "21953114",
      "name": "邮箱",
      "font_class": "youxiang",
      "unicode": "e689",
      "unicode_decimal": 59017
    },
    {
      "icon_id": "21953115",
      "name": "电话",
      "font_class": "dianhua",
      "unicode": "e68a",
      "unicode_decimal": 59018
    },
    {
      "icon_id": "21953116",
      "name": "岗位",
      "font_class": "gangwei",
      "unicode": "e68b",
      "unicode_decimal": 59019
    },
    {
      "icon_id": "21930806",
      "name": "报价单-有附件",
      "font_class": "baojiadan-youfujian",
      "unicode": "e684",
      "unicode_decimal": 59012
    },
    {
      "icon_id": "21874930",
      "name": "财报分析",
      "font_class": "caibaofenxi",
      "unicode": "e683",
      "unicode_decimal": 59011
    },
    {
      "icon_id": "21874670",
      "name": "TimeLine_添加供应商",
      "font_class": "TimeLine_tianjiagongyingshang",
      "unicode": "e682",
      "unicode_decimal": 59010
    },
    {
      "icon_id": "21866602",
      "name": "供应商申请中",
      "font_class": "gongyingshangshenqingzhong",
      "unicode": "e680",
      "unicode_decimal": 59008
    },
    {
      "icon_id": "21866603",
      "name": "供应商审核完成",
      "font_class": "gongyingshangshenhewancheng",
      "unicode": "e681",
      "unicode_decimal": 59009
    },
    {
      "icon_id": "21862113",
      "name": "同步",
      "font_class": "tongbu",
      "unicode": "e67f",
      "unicode_decimal": 59007
    },
    {
      "icon_id": "21860981",
      "name": "地图放大",
      "font_class": "ditufangda",
      "unicode": "e67d",
      "unicode_decimal": 59005
    },
    {
      "icon_id": "21860982",
      "name": "地图缩小",
      "font_class": "ditusuoxiao",
      "unicode": "e67e",
      "unicode_decimal": 59006
    },
    {
      "icon_id": "21841382",
      "name": "财务预警-icon",
      "font_class": "caiwuyujing-icon",
      "unicode": "e67b",
      "unicode_decimal": 59003
    },
    {
      "icon_id": "21841383",
      "name": "财务预警-红灯",
      "font_class": "caiwuyujing-hongdeng",
      "unicode": "e67c",
      "unicode_decimal": 59004
    },
    {
      "icon_id": "21840371",
      "name": "待确认BA申请:追加金额（选中）",
      "font_class": "daiquerenBAshenqingzhuijiajinexuanzhong",
      "unicode": "e679",
      "unicode_decimal": 59001
    },
    {
      "icon_id": "21840372",
      "name": "待确认BA申请:追加金额（未选中）",
      "font_class": "daiquerenBAshenqingzhuijiajineweixuanzhong",
      "unicode": "e67a",
      "unicode_decimal": 59002
    },
    {
      "icon_id": "21840254",
      "name": "所有BA申请（未选中）",
      "font_class": "suoyouBAshenqingweixuanzhong",
      "unicode": "e677",
      "unicode_decimal": 58999
    },
    {
      "icon_id": "21840255",
      "name": "所有BA申请（选中）",
      "font_class": "suoyouBAshenqingxuanzhong",
      "unicode": "e678",
      "unicode_decimal": 59000
    },
    {
      "icon_id": "21781190",
      "name": "TimeLine-BFConfirm",
      "font_class": "TimeLine-BFConfirm",
      "unicode": "e676",
      "unicode_decimal": 58998
    },
    {
      "icon_id": "21730067",
      "name": "红灯",
      "font_class": "hongdeng",
      "unicode": "e674",
      "unicode_decimal": 58996
    },
    {
      "icon_id": "21730068",
      "name": "黄灯",
      "font_class": "huangdeng",
      "unicode": "e675",
      "unicode_decimal": 58997
    },
    {
      "icon_id": "21730008",
      "name": "绿灯",
      "font_class": "lvdeng",
      "unicode": "e673",
      "unicode_decimal": 58995
    },
    {
      "icon_id": "21728489",
      "name": "开关键（开）",
      "font_class": "kaiguanjiankai",
      "unicode": "e66e",
      "unicode_decimal": 58990
    },
    {
      "icon_id": "21728490",
      "name": "开关键（关）",
      "font_class": "kaiguanjianguan",
      "unicode": "e672",
      "unicode_decimal": 58994
    },
    {
      "icon_id": "21691669",
      "name": "定点管理-已完成",
      "font_class": "dingdianguanli-yiwancheng",
      "unicode": "e65c",
      "unicode_decimal": 58972
    },
    {
      "icon_id": "21691633",
      "name": "排序-向下",
      "font_class": "paixu-xiangxia",
      "unicode": "e659",
      "unicode_decimal": 58969
    },
    {
      "icon_id": "21691169",
      "name": "排序-向下禁止",
      "font_class": "paixu-xiangxiajinzhi",
      "unicode": "e65f",
      "unicode_decimal": 58975
    },
    {
      "icon_id": "21685609",
      "name": "定点管理节点-进行中",
      "font_class": "dingdianguanlijiedian-jinhangzhong",
      "unicode": "e66b",
      "unicode_decimal": 58987
    },
    {
      "icon_id": "21685610",
      "name": "定点管理节点-已完成",
      "font_class": "dingdianguanlijiedian-yiwancheng",
      "unicode": "e66c",
      "unicode_decimal": 58988
    },
    {
      "icon_id": "21685524",
      "name": "报价分析-整车进度-橙",
      "font_class": "baojiafenxi-zhengchejindu-cheng",
      "unicode": "e662",
      "unicode_decimal": 58978
    },
    {
      "icon_id": "21685525",
      "name": "报价分析-整车进度-红",
      "font_class": "baojiafenxi-zhengchejindu-hong",
      "unicode": "e668",
      "unicode_decimal": 58984
    },
    {
      "icon_id": "21685526",
      "name": "报价分析-整车进度-黄",
      "font_class": "baojiafenxi-zhengchejindu-huang1",
      "unicode": "e669",
      "unicode_decimal": 58985
    },
    {
      "icon_id": "21685199",
      "name": "TimeLine-Today",
      "font_class": "TimeLine-Today",
      "unicode": "e65b",
      "unicode_decimal": 58971
    },
    {
      "icon_id": "21684753",
      "name": "TimeLine-CSCMeeting",
      "font_class": "TimeLine-CSCMeeting",
      "unicode": "e65a",
      "unicode_decimal": 58970
    },
    {
      "icon_id": "21684415",
      "name": "TimeLine-PartsRelease",
      "font_class": "TimeLine-PartsRelease",
      "unicode": "e64c",
      "unicode_decimal": 58956
    },
    {
      "icon_id": "21683600",
      "name": "报价评分跟踪-节点-红",
      "font_class": "baojiapingfengenzong-jiedian-hong",
      "unicode": "e64d",
      "unicode_decimal": 58957
    },
    {
      "icon_id": "21683601",
      "name": "报价评分跟踪-节点-橙",
      "font_class": "baojiapingfengenzong-jiedian-cheng",
      "unicode": "e64f",
      "unicode_decimal": 58959
    },
    {
      "icon_id": "21683602",
      "name": "报价评分跟踪-节点-黄",
      "font_class": "baojiapingfengenzong-jiedian-huang",
      "unicode": "e651",
      "unicode_decimal": 58961
    },
    {
      "icon_id": "21683603",
      "name": "报价分析-整车进度-黄",
      "font_class": "baojiafenxi-zhengchejindu-huang",
      "unicode": "e655",
      "unicode_decimal": 58965
    },
    {
      "icon_id": "21683604",
      "name": "报价评分跟踪-节点-黑",
      "font_class": "baojiapingfengenzong-jiedian-hei",
      "unicode": "e656",
      "unicode_decimal": 58966
    },
    {
      "icon_id": "21683605",
      "name": "报价评分跟踪-节点-灰",
      "font_class": "baojiapingfengenzong-jiedian-hui",
      "unicode": "e657",
      "unicode_decimal": 58967
    },
    {
      "icon_id": "21683606",
      "name": "报价评分跟踪-节点-绿",
      "font_class": "baojiapingfengenzong-jiedian-lv",
      "unicode": "e658",
      "unicode_decimal": 58968
    },
    {
      "icon_id": "21683612",
      "name": "排序-向上",
      "font_class": "paixu-xiangshang",
      "unicode": "e65e",
      "unicode_decimal": 58974
    },
    {
      "icon_id": "21683614",
      "name": "提示-橙",
      "font_class": "tishi-cheng",
      "unicode": "e660",
      "unicode_decimal": 58976
    },
    {
      "icon_id": "21683615",
      "name": "排序-向上禁止",
      "font_class": "paixu-xiangshangjinzhi",
      "unicode": "e661",
      "unicode_decimal": 58977
    },
    {
      "icon_id": "21683617",
      "name": "隐藏",
      "font_class": "yincang",
      "unicode": "e663",
      "unicode_decimal": 58979
    },
    {
      "icon_id": "21683618",
      "name": "显示",
      "font_class": "xianshi",
      "unicode": "e664",
      "unicode_decimal": 58980
    },
    {
      "icon_id": "21683619",
      "name": "定点申请预设逻辑-删除",
      "font_class": "dingdianshenqingyusheluoji-shanchu",
      "unicode": "e665",
      "unicode_decimal": 58981
    },
    {
      "icon_id": "21683620",
      "name": "rs-取消",
      "font_class": "rs-quxiao",
      "unicode": "e666",
      "unicode_decimal": 58982
    },
    {
      "icon_id": "21683621",
      "name": "rs-完成",
      "font_class": "rs-wancheng",
      "unicode": "e667",
      "unicode_decimal": 58983
    },
    {
      "icon_id": "21683624",
      "name": "icon-下载",
      "font_class": "icon-xiazai",
      "unicode": "e66a",
      "unicode_decimal": 58986
    },
    {
      "icon_id": "24225211",
      "name": "rs-完成",
      "font_class": "rs-wancheng-copy",
      "unicode": "e710",
      "unicode_decimal": 59152
    },
    {
      "icon_id": "21647617",
      "name": "添加",
      "font_class": "tianjia",
      "unicode": "e652",
      "unicode_decimal": 58962
    },
    {
      "icon_id": "21647618",
      "name": "审批-附件",
      "font_class": "shenpi-fujian",
      "unicode": "e653",
      "unicode_decimal": 58963
    },
    {
      "icon_id": "21647619",
      "name": "审批图标",
      "font_class": "shenpitubiao",
      "unicode": "e654",
      "unicode_decimal": 58964
    },
    {
      "icon_id": "21357621",
      "name": "总预算锁定",
      "font_class": "zongyusuansuoding",
      "unicode": "e64a",
      "unicode_decimal": 58954
    },
    {
      "icon_id": "21357622",
      "name": "总预算未锁定",
      "font_class": "zongyusuanweisuoding",
      "unicode": "e64b",
      "unicode_decimal": 58955
    },
    {
      "icon_id": "12609224",
      "name": "add",
      "font_class": "add",
      "unicode": "e649",
      "unicode_decimal": 58953
    },
    {
      "icon_id": "21301754",
      "name": "审批流-审批中 ",
      "font_class": "shenpiliu-shenpizhong",
      "unicode": "e645",
      "unicode_decimal": 58949
    },
    {
      "icon_id": "21301755",
      "name": "审批流-已审批",
      "font_class": "shenpiliu-yishenpi",
      "unicode": "e646",
      "unicode_decimal": 58950
    },
    {
      "icon_id": "21301756",
      "name": "审批流-待审批 ",
      "font_class": "shenpiliu-daishenpi",
      "unicode": "e647",
      "unicode_decimal": 58951
    },
    {
      "icon_id": "21301757",
      "name": "审批流-已审批-某人审批",
      "font_class": "shenpiliu-yishenpi-mourenshenpi",
      "unicode": "e648",
      "unicode_decimal": 58952
    },
    {
      "icon_id": "21223690",
      "name": "下拉框_切换零件_已完成",
      "font_class": "xialakuang_qiehuanlingjian_yiwancheng",
      "unicode": "e63f",
      "unicode_decimal": 58943
    },
    {
      "icon_id": "21218775",
      "name": "重要信息提示",
      "font_class": "zhongyaoxinxitishi",
      "unicode": "e638",
      "unicode_decimal": 58936
    },
    {
      "icon_id": "21218005",
      "name": "关联零件-选中",
      "font_class": "guanlianlingjian-xuanzhong",
      "unicode": "e636",
      "unicode_decimal": 58934
    },
    {
      "icon_id": "21218006",
      "name": "关联零件-默认",
      "font_class": "guanlianlingjian-moren",
      "unicode": "e637",
      "unicode_decimal": 58935
    },
    {
      "icon_id": "21196394",
      "name": "报价状态列表_已报价",
      "font_class": "baojiazhuangtailiebiao_yibaojia",
      "unicode": "e634",
      "unicode_decimal": 58932
    },
    {
      "icon_id": "21196395",
      "name": "报价状态列表_已拒绝",
      "font_class": "baojiazhuangtailiebiao_yijujue",
      "unicode": "e635",
      "unicode_decimal": 58933
    },
    {
      "icon_id": "21111287",
      "name": "设为主用户",
      "font_class": "sheweizhuyonghu1",
      "unicode": "e644",
      "unicode_decimal": 58948
    },
    {
      "icon_id": "20960594",
      "name": "修改内容",
      "font_class": "xiugaineirong",
      "unicode": "e640",
      "unicode_decimal": 58944
    },
    {
      "icon_id": "20975140",
      "name": "列表收起历史数据",
      "font_class": "liebiaoshouqilishishuju",
      "unicode": "e643",
      "unicode_decimal": 58947
    },
    {
      "icon_id": "20975139",
      "name": "列表展开历史数据",
      "font_class": "liebiaozhankailishishuju",
      "unicode": "e642",
      "unicode_decimal": 58946
    },
    {
      "icon_id": "21014178",
      "name": "database（选中状态）",
      "font_class": "databasexuanzhongzhuangtai",
      "unicode": "e641",
      "unicode_decimal": 58945
    },
    {
      "icon_id": "20948593",
      "name": "流程节点（进行中）",
      "font_class": "liuchengjiedianjinhangzhong",
      "unicode": "e639",
      "unicode_decimal": 58937
    },
    {
      "icon_id": "20948594",
      "name": "流程节点（未开始）",
      "font_class": "liuchengjiedianweikaishi",
      "unicode": "e63a",
      "unicode_decimal": 58938
    },
    {
      "icon_id": "20948595",
      "name": "流程节点（已完成）",
      "font_class": "liuchengjiedianyiwancheng",
      "unicode": "e63b",
      "unicode_decimal": 58939
    },
    {
      "icon_id": "20948597",
      "name": "流程节点（已完成高亮）",
      "font_class": "liuchengjiedianyiwanchenggaoliang",
      "unicode": "e63d",
      "unicode_decimal": 58941
    },
    {
      "icon_id": "20926770",
      "name": "选择日期",
      "font_class": "xuanzeriqi",
      "unicode": "e633",
      "unicode_decimal": 58931
    },
    {
      "icon_id": "20557553",
      "name": "信息提示",
      "font_class": "xinxitishi",
      "unicode": "e632",
      "unicode_decimal": 58930
    },
    {
      "icon_id": "20294443",
      "name": "会议报名（消息列表）",
      "font_class": "huiyibaomingxiaoxiliebiao",
      "unicode": "e629",
      "unicode_decimal": 58921
    },
    {
      "icon_id": "20294444",
      "name": "人物（消息列表）",
      "font_class": "renwuxiaoxiliebiao",
      "unicode": "e62a",
      "unicode_decimal": 58922
    },
    {
      "icon_id": "20294445",
      "name": "时间（消息列表）",
      "font_class": "shijianxiaoxiliebiao",
      "unicode": "e62b",
      "unicode_decimal": 58923
    },
    {
      "icon_id": "20294447",
      "name": "关闭（消息列表卡片内）",
      "font_class": "guanbixiaoxiliebiaokapiannei",
      "unicode": "e62c",
      "unicode_decimal": 58924
    },
    {
      "icon_id": "20294448",
      "name": "会议（消息列表）",
      "font_class": "huiyixiaoxiliebiao",
      "unicode": "e62d",
      "unicode_decimal": 58925
    },
    {
      "icon_id": "20294449",
      "name": "新闻（消息列表）",
      "font_class": "xinwenxiaoxiliebiao",
      "unicode": "e62e",
      "unicode_decimal": 58926
    },
    {
      "icon_id": "20294450",
      "name": "公告（消息列表）",
      "font_class": "gonggaoxiaoxiliebiao",
      "unicode": "e62f",
      "unicode_decimal": 58927
    },
    {
      "icon_id": "20294451",
      "name": "任务提醒（消息列表）",
      "font_class": "renwutixingxiaoxiliebiao",
      "unicode": "e630",
      "unicode_decimal": 58928
    },
    {
      "icon_id": "20294866",
      "name": "地点（消息列表）",
      "font_class": "didianxiaoxiliebiao",
      "unicode": "e631",
      "unicode_decimal": 58929
    },
    {
      "icon_id": "23579032",
      "name": "时间（消息列表）",
      "font_class": "shijianxiaoxiliebiao-copy",
      "unicode": "e6f0",
      "unicode_decimal": 59120
    },
    {
      "icon_id": "20276161",
      "name": "逾期待办",
      "font_class": "yuqidaiban",
      "unicode": "e627",
      "unicode_decimal": 58919
    },
    {
      "icon_id": "20276580",
      "name": "今日待办",
      "font_class": "jinridaiban",
      "unicode": "e628",
      "unicode_decimal": 58920
    },
    {
      "icon_id": "20276158",
      "name": "tab定位icon",
      "font_class": "tabdingweiicon",
      "unicode": "e625",
      "unicode_decimal": 58917
    },
    {
      "icon_id": "20276159",
      "name": "标签",
      "font_class": "biaoqian",
      "unicode": "e626",
      "unicode_decimal": 58918
    },
    {
      "icon_id": "20245377",
      "name": "日志（无字）",
      "font_class": "rizhiwuzi",
      "unicode": "e624",
      "unicode_decimal": 58916
    },
    {
      "icon_id": "20245145",
      "name": "日志（英文）",
      "font_class": "rizhiyingwen",
      "unicode": "e623",
      "unicode_decimal": 58915
    },
    {
      "icon_id": "20234251",
      "name": "备注信息",
      "font_class": "beizhuxinxi",
      "unicode": "e622",
      "unicode_decimal": 58914
    },
    {
      "icon_id": "20233047",
      "name": "日志",
      "font_class": "rizhi",
      "unicode": "e61d",
      "unicode_decimal": 58909
    },
    {
      "icon_id": "20233048",
      "name": "筛选框（搜索）",
      "font_class": "shaixuankuangsousuo",
      "unicode": "e61e",
      "unicode_decimal": 58910
    },
    {
      "icon_id": "20233049",
      "name": "供应商视图（列表）",
      "font_class": "gongyingshangshituliebiao",
      "unicode": "e61f",
      "unicode_decimal": 58911
    },
    {
      "icon_id": "20233050",
      "name": "列表（未置顶）",
      "font_class": "liebiaoweizhiding",
      "unicode": "e620",
      "unicode_decimal": 58912
    },
    {
      "icon_id": "20233051",
      "name": "列表（已置顶）",
      "font_class": "liebiaoyizhiding",
      "unicode": "e621",
      "unicode_decimal": 58913
    },
    {
      "icon_id": "20170650",
      "name": "寻源定点（选中）",
      "font_class": "xunyuandingdianxuanzhong",
      "unicode": "e61a",
      "unicode_decimal": 58906
    },
    {
      "icon_id": "20170651",
      "name": "目录未选中时箭头",
      "font_class": "muluweixuanzhongshijiantou",
      "unicode": "e61b",
      "unicode_decimal": 58907
    },
    {
      "icon_id": "20170652",
      "name": "寻源定点（未选中）",
      "font_class": "xunyuandingdianweixuanzhong",
      "unicode": "e61c",
      "unicode_decimal": 58908
    },
    {
      "icon_id": "20079102",
      "name": "小工具（选中）",
      "font_class": "xiaogongjuxuanzhong",
      "unicode": "e613",
      "unicode_decimal": 58899
    },
    {
      "icon_id": "20079104",
      "name": "filter区域块箭头（收起）",
      "font_class": "filterquyukuaijiantoushouqi",
      "unicode": "e614",
      "unicode_decimal": 58900
    },
    {
      "icon_id": "20079105",
      "name": "点",
      "font_class": "dian",
      "unicode": "e615",
      "unicode_decimal": 58901
    },
    {
      "icon_id": "20079106",
      "name": "小工具（未选中）",
      "font_class": "xiaogongjuweixuanzhong",
      "unicode": "e616",
      "unicode_decimal": 58902
    },
    {
      "icon_id": "20079109",
      "name": "filter区域块箭头（展开）",
      "font_class": "filterquyukuaijiantouzhankai",
      "unicode": "e617",
      "unicode_decimal": 58903
    },
    {
      "icon_id": "20079111",
      "name": "智能助手（选中）",
      "font_class": "zhinengzhushouxuanzhong",
      "unicode": "e618",
      "unicode_decimal": 58904
    },
    {
      "icon_id": "20079113",
      "name": "智能助手（未选中）",
      "font_class": "zhinengzhushouweixuanzhong",
      "unicode": "e619",
      "unicode_decimal": 58905
    },
    {
      "icon_id": "20079020",
      "name": "表格多选框（未选中）",
      "font_class": "biaogeduoxuankuangweixuanzhong",
      "unicode": "e610",
      "unicode_decimal": 58896
    },
    {
      "icon_id": "20079021",
      "name": "表格多选框（选中）",
      "font_class": "biaogeduoxuankuangxuanzhong",
      "unicode": "e611",
      "unicode_decimal": 58897
    },
    {
      "icon_id": "20079022",
      "name": "filter箭头",
      "font_class": "filterjiantou",
      "unicode": "e612",
      "unicode_decimal": 58898
    },
    {
      "icon_id": "19998154",
      "name": "home（未选中）",
      "font_class": "homeweixuanzhong",
      "unicode": "e60f",
      "unicode_decimal": 58895
    },
    {
      "icon_id": "19990320",
      "name": "菜单（收起）",
      "font_class": "caidanshouqi",
      "unicode": "e601",
      "unicode_decimal": 58881
    },
    {
      "icon_id": "19990323",
      "name": "消息",
      "font_class": "xiaoxi",
      "unicode": "e602",
      "unicode_decimal": 58882
    },
    {
      "icon_id": "19990324",
      "name": "搜素（顶部）",
      "font_class": "sousudingbu",
      "unicode": "e603",
      "unicode_decimal": 58883
    },
    {
      "icon_id": "19990325",
      "name": "菜单（展开）",
      "font_class": "caidanzhankai",
      "unicode": "e604",
      "unicode_decimal": 58884
    },
    {
      "icon_id": "19990327",
      "name": "workbench（未选中）",
      "font_class": "workbenchweixuanzhong",
      "unicode": "e605",
      "unicode_decimal": 58885
    },
    {
      "icon_id": "19990328",
      "name": "common function（未选中）",
      "font_class": "commonfunctionweixuanzhong",
      "unicode": "e606",
      "unicode_decimal": 58886
    },
    {
      "icon_id": "19990330",
      "name": "workbench（选中）",
      "font_class": "workbenchxuanzhong",
      "unicode": "e608",
      "unicode_decimal": 58888
    },
    {
      "icon_id": "19990331",
      "name": "home（选中）",
      "font_class": "homexuanzhong",
      "unicode": "e609",
      "unicode_decimal": 58889
    },
    {
      "icon_id": "19990332",
      "name": "common function（选中）",
      "font_class": "commonfunctionxuanzhong",
      "unicode": "e60a",
      "unicode_decimal": 58890
    },
    {
      "icon_id": "19990333",
      "name": "database（未选中）",
      "font_class": "databaseweixuanzhong",
      "unicode": "e60b",
      "unicode_decimal": 58891
    },
    {
      "icon_id": "19990334",
      "name": "Setting",
      "font_class": "Setting",
      "unicode": "e60c",
      "unicode_decimal": 58892
    },
    {
      "icon_id": "19992310",
      "name": "中英文转换（英）",
      "font_class": "zhongyingwenzhuanhuanying",
      "unicode": "e60d",
      "unicode_decimal": 58893
    },
    {
      "icon_id": "19992311",
      "name": "中英文转换（中）",
      "font_class": "zhongyingwenzhuanhuanzhong",
      "unicode": "e60e",
      "unicode_decimal": 58894
    }
  ]
}
